dataset_id,learner,delta
44,catboost,0.0
44,xgboost,0.0006021649949100955
1067,catboost,0.0
1067,xgboost,0.000496781653670203
1489,catboost,0.0
1489,xgboost,0.001771610474478072
40983,catboost,0.0
40983,xgboost,-0.000577233865176318
42178,catboost,0.0
42178,xgboost,-0.007901256508724674
46911,catboost,0.0
46911,xgboost,0.00012919724575425896
46915,catboost,0.0
46915,xgboost,-0.001083051894220946
46921,catboost,-0.0010920323672769295
46921,xgboost,-0.0027277291917335413
46927,catboost,0.0
46927,xgboost,-0.008702786320283628
46952,catboost,0.0
46952,xgboost,0.001533710798860416
