dataset_id,learner,arm,family,bar_delta
44,catboost,A1,gbdt,0.0002410832232620161
44,catboost,A2,gbdt,0.0018581325841715277
44,catboost,A3,gbdt,0.004957049813362277
44,tabicl,A1,tfm,-0.0003002476700433965
44,tabicl,A2,tfm,0.0014391458325417814
44,tabicl,A3,tfm,0.0007423952855715885
44,tabpfn,A1,tfm,-0.00461295655508939
44,tabpfn,A2,tfm,-0.0016568483047551305
44,tabpfn,A3,tfm,0.0069881007885094475
44,xgboost,A1,gbdt,0.0011414820469509064
44,xgboost,A2,gbdt,0.002263607184576083
44,xgboost,A3,gbdt,0.00027187630394721467
1067,catboost,A1,gbdt,0.0618158303020369
1067,catboost,A2,gbdt,0.05640589891020087
1067,catboost,A3,gbdt,-0.00021199064381395848
1067,tabicl,A1,tfm,0.07190728423224528
1067,tabicl,A2,tfm,0.04981620190250461
1067,tabicl,A3,tfm,-0.000760070789561279
1067,tabpfn,A1,tfm,0.13156656795845278
1067,tabpfn,A2,tfm,0.04871104334286497
1067,tabpfn,A3,tfm,0.007322760772531622
1067,xgboost,A1,gbdt,0.06696675645528925
1067,xgboost,A2,gbdt,0.05753719963795674
1067,xgboost,A3,gbdt,0.004955500032913518
1489,catboost,A1,gbdt,0.0038409741051393387
1489,catboost,A2,gbdt,0.012344488983978186
1489,catboost,A3,gbdt,0.03003242494020879
1489,tabicl,A1,tfm,0.008400010606575099
1489,tabicl,A2,tfm,0.005713130493477306
1489,tabicl,A3,tfm,0.03208232949643438
1489,tabpfn,A1,tfm,-0.008074276896224438
1489,tabpfn,A2,tfm,-0.006553611938351192
1489,tabpfn,A3,tfm,0.0359696457268297
1489,xgboost,A1,gbdt,0.007545776567539739
1489,xgboost,A2,gbdt,0.014309358103684078
1489,xgboost,A3,gbdt,0.03314952617820688
40983,catboost,A1,gbdt,0.003141449951277698
40983,catboost,A2,gbdt,0.0055154628123909285
40983,catboost,A3,gbdt,0.023434133012672848
40983,tabicl,A1,tfm,0.02577466075786678
40983,tabicl,A2,tfm,0.01581313264129755
40983,tabicl,A3,tfm,0.02298686732488573
40983,tabpfn,A1,tfm,0.07188008096749915
40983,tabpfn,A2,tfm,0.020399566185920464
40983,tabpfn,A3,tfm,0.02572621585643071
40983,xgboost,A1,gbdt,0.008146484157876293
40983,xgboost,A2,gbdt,0.008621147891458184
40983,xgboost,A3,gbdt,0.024035029346821703
42178,catboost,A1,gbdt,0.20572814554614943
42178,catboost,A2,gbdt,0.12514542546677762
42178,catboost,A3,gbdt,0.01482268062721585
42178,tabicl,A1,tfm,0.04136147860477475
42178,tabicl,A2,tfm,0.06169844721977482
42178,tabicl,A3,tfm,0.07209676065156527
42178,tabpfn,A1,tfm,0.013151668976145909
42178,tabpfn,A2,tfm,0.0740372021567631
42178,tabpfn,A3,tfm,0.06643123860690861
42178,xgboost,A1,gbdt,0.023296846618089388
42178,xgboost,A2,gbdt,0.04613753828075901
42178,xgboost,A3,gbdt,0.05281431616722123
46911,catboost,A1,gbdt,0.05417216017212946
46911,catboost,A2,gbdt,0.08520683762179398
46911,catboost,A3,gbdt,0.11103251922622026
46911,tabicl,A1,tfm,0.10925568549810136
46911,tabicl,A2,tfm,0.08056933950971723
46911,tabicl,A3,tfm,0.11334972746063543
46911,tabpfn,A1,tfm,0.06452649914458991
46911,tabpfn,A2,tfm,0.07049034012275816
46911,tabpfn,A3,tfm,0.1132417271095508
46911,xgboost,A1,gbdt,0.03310072863591269
46911,xgboost,A2,gbdt,0.0717159510619011
46911,xgboost,A3,gbdt,0.1087990387018198
46915,catboost,A1,gbdt,0.028900243238696756
46915,catboost,A2,gbdt,0.07443610675926926
46915,catboost,A3,gbdt,0.061722557140047526
46915,tabicl,A1,tfm,0.24388435211442488
46915,tabicl,A2,tfm,0.09056045652416332
46915,tabicl,A3,tfm,0.08095679462835631
46915,tabpfn,A1,tfm,0.16052904767618065
46915,tabpfn,A2,tfm,0.08852192978761887
46915,tabpfn,A3,tfm,0.07902712158155238
46915,xgboost,A1,gbdt,0.0008769698360292122
46915,xgboost,A2,gbdt,0.05275016810846096
46915,xgboost,A3,gbdt,0.05387147396220636
46921,catboost,A1,gbdt,0.017542568898019594
46921,catboost,A2,gbdt,0.024029560926786764
46921,catboost,A3,gbdt,0.034500352296405815
46921,tabicl,A1,tfm,0.0274805855913966
46921,tabicl,A2,tfm,0.038980369275859954
46921,tabicl,A3,tfm,0.022844049894105184
46921,tabpfn,A1,tfm,0.029210937622036727
46921,tabpfn,A2,tfm,0.024156185807933928
46921,tabpfn,A3,tfm,0.01584279486711958
46921,xgboost,A1,gbdt,0.008244345842463358
46921,xgboost,A2,gbdt,0.016201246994718293
46921,xgboost,A3,gbdt,0.020184027291455416
46927,catboost,A1,gbdt,0.042138244270430635
46927,catboost,A2,gbdt,0.05244791888079525
46927,catboost,A3,gbdt,0.015994411266475404
46927,tabicl,A1,tfm,0.09424423125462875
46927,tabicl,A2,tfm,0.06489015570353045
46927,tabicl,A3,tfm,0.01576392510519171
46927,tabpfn,A1,tfm,0.061459467921691824
46927,tabpfn,A2,tfm,0.0572259513649354
46927,tabpfn,A3,tfm,0.018730355351705846
46927,xgboost,A1,gbdt,0.037455168118987005
46927,xgboost,A2,gbdt,0.038069961810695906
46927,xgboost,A3,gbdt,0.009711394897638271
46952,catboost,A1,gbdt,0.012511147067880429
46952,catboost,A2,gbdt,0.014010714676956176
46952,catboost,A3,gbdt,-0.008800260760740525
46952,tabicl,A1,tfm,0.01389071196862528
46952,tabicl,A2,tfm,0.010564422227707959
46952,tabicl,A3,tfm,-0.00724915953023691
46952,tabpfn,A1,tfm,0.017145969295226715
46952,tabpfn,A2,tfm,0.011709663439190856
46952,tabpfn,A3,tfm,0.0034977940575479593
46952,xgboost,A1,gbdt,0.01028456207623069
46952,xgboost,A2,gbdt,0.005739288082416305
46952,xgboost,A3,gbdt,0.009744396012603957
