dataset_id,mean_delta_set_size,mean_set_size,mean_coverage,role,nominal_coverage
44,-0.0010237572581787424,0.9271440246896095,0.9047297164392831,EXPLORATORY,0.9
1067,0.05701542817259736,1.189120914995891,0.9089199810126344,EXPLORATORY,0.9
1489,0.016445135391327203,1.0269495123399686,0.8989738368109089,EXPLORATORY,0.9
40983,0.004116126599263349,0.9065780786619605,0.9037368045643993,EXPLORATORY,0.9
42178,0.05420270309778049,1.3006546667325312,0.8995089274912899,EXPLORATORY,0.9
46911,0.12029166666666667,1.2108416666666668,0.9037666666666667,EXPLORATORY,0.9
46915,0.03591666666666662,0.9619416666666667,0.9044666666666666,EXPLORATORY,0.9
46921,0.01606824548001014,1.4129021305491893,0.9108511586452762,EXPLORATORY,0.9
46927,0.05274999999999991,1.4099166666666667,0.9097222222222222,EXPLORATORY,0.9
46952,0.0033141503046716183,1.1019075829383886,0.9089357180470925,EXPLORATORY,0.9
