dataset_id,Delta_d,Psi_d,mean_tfm,mean_gbdt
44,0.0011110683777504104,-0.001355606963255854,0.0004332648961224834,0.0017888718593783374
1067,0.046336081842801774,0.010182432120742449,0.051427297903173,0.04124486578243055
1489,0.014063314697291489,-0.005614220231669359,0.01125620458145681,0.01687042481312617
40983,0.021289519242199836,0.018281136093567116,0.03043008728898339,0.012148951195416277
42178,0.06639347907684541,-0.023194692748380007,0.05479613270265541,0.07799082545103542
46911,0.08462171285542752,0.01456768057092929,0.09190555314089216,0.07733787256996287
46915,0.08466976844641722,0.07848703054459771,0.12391328371871607,0.04542625317411835
46921,0.023268085442358435,0.006302136801433791,0.026419153843075333,0.020117017041641542
46927,0.04234426549555887,0.01941616457611025,0.052052347783614,0.03263618320750375
46952,0.0077541040511174076,0.0010115923837858047,0.00825990024301031,0.007248307859224506
