dataset_id,p_minority,r,log_r,n_rows,log_n,Delta_d,Psi_d,corr_log_r_Delta,corr_log_n_Delta
44,0.39404477287546186,0.5377826806398235,-0.620300739757004,4601,8.434028950155469,0.0011110683777504104,-0.001355606963255854,0.4146217336634706,0.4641523407843205
1067,0.15457562825983878,4.469325153374233,1.4972374248284972,2109,7.653969180478774,0.046336081842801774,0.010182432120742449,0.4146217336634706,0.4641523407843205
1489,0.2934863064396743,1.4073139974779318,0.3416829213064082,5404,8.59489469908009,0.014063314697291489,-0.005614220231669359,0.4146217336634706,0.4641523407843205
40983,0.05393676379417235,16.54022988505747,2.805795588232784,4839,8.48446336679332,0.021289519242199836,0.018281136093567116,0.4146217336634706,0.4641523407843205
42178,0.2653698707936959,1.76832530765115,0.5700329448302236,7043,8.85978949474541,0.06639347907684541,-0.023194692748380007,0.4146217336634706,0.4641523407843205
46911,0.2037,2.909180166912126,1.067871311906705,10000,9.210340371976184,0.08462171285542752,0.01456768057092929,0.4146217336634706,0.4641523407843205
46915,0.1414,5.072135785007073,1.6237619882685055,5000,8.517193191416238,0.08466976844641722,0.07848703054459771,0.4146217336634706,0.4641523407843205
46921,0.3489583333333333,0.8656716417910449,-0.14424960884454652,768,6.643789733147672,0.023268085442358435,0.006302136801433791,0.4146217336634706,0.4641523407843205
46927,0.30266666666666664,1.3039647577092515,0.265409436842658,1500,7.313220387090301,0.04234426549555887,0.01941616457611025,0.4146217336634706,0.4641523407843205
46952,0.3368121442125237,0.9690140845070424,-0.03147613210201729,1054,6.960347729101308,0.0077541040511174076,0.0010115923837858047,0.4146217336634706,0.4641523407843205
