dataset_id,Delta_d,Psi_d,mean_tfm,mean_gbdt,role,exact_95_ci_lower_Delta,exact_95_ci_upper_Delta,mean_Delta
44,0.0007471104135251127,-0.0009946315079824844,0.0002497946595338706,0.001244426167516355,EXPLORATORY,0.0041778205662776,0.02111695194550147,0.011784537738094715
1067,0.01039923594562238,0.008597271720385486,0.014697871805815122,0.006100600085429637,EXPLORATORY,0.0041778205662776,0.02111695194550147,0.011784537738094715
1489,0.0023317379985329395,0.00011094643947081543,0.0023872112182683476,0.002276264778797532,EXPLORATORY,0.0041778205662776,0.02111695194550147,0.011784537738094715
40983,0.00292405309300183,0.010370181041226056,0.008109143613614858,-0.002261037427611198,EXPLORATORY,0.0041778205662776,0.02111695194550147,0.011784537738094715
42178,0.015949491210405693,-0.0013704314863416962,0.015264275467234844,0.01663470695357654,EXPLORATORY,0.0041778205662776,0.02111695194550147,0.011784537738094715
46911,0.017413290490525406,0.009257238306695437,0.022041909643873123,0.012784671337177686,EXPLORATORY,0.0041778205662776,0.02111695194550147,0.011784537738094715
46915,0.04363098732295435,0.02899041345632861,0.05812619405111865,0.02913578059479004,EXPLORATORY,0.0041778205662776,0.02111695194550147,0.011784537738094715
46921,0.008785326395798864,0.012925572022741031,0.015248112407169378,0.0023225403844283465,EXPLORATORY,0.0041778205662776,0.02111695194550147,0.011784537738094715
46927,0.013064449046818255,0.021857553049067162,0.023993225571351834,0.0021356725222846738,EXPLORATORY,0.0041778205662776,0.02111695194550147,0.011784537738094715
46952,0.002599695463762314,0.0009176675511978175,0.0030585292393612226,0.002140861688163405,EXPLORATORY,0.0041778205662776,0.02111695194550147,0.011784537738094715
