dataset_id,Delta_d,Psi_d,mean_tfm,mean_gbdt,sensitivity,mean_Delta,mean_Psi,primary_mean_Delta,primary_mean_Psi,Delta_direction_match_primary,panel,stored_predictions_identical_to_primary,platt_mean_Delta,Delta_direction_match_platt,D_retained,retained_dataset_ids
44,0.0011110683777504104,-0.001355606963255854,0.0004332648961224834,0.0017888718593783374,S1_TFM_temperature_0.9,0.03918513995277683,0.011808365314786119,0.03918513995277683,0.011808365314786119,True,S1,True,,,,
1067,0.046336081842801774,0.010182432120742449,0.051427297903173,0.04124486578243055,S1_TFM_temperature_0.9,0.03918513995277683,0.011808365314786119,0.03918513995277683,0.011808365314786119,True,S1,True,,,,
1489,0.014063314697291489,-0.005614220231669359,0.01125620458145681,0.01687042481312617,S1_TFM_temperature_0.9,0.03918513995277683,0.011808365314786119,0.03918513995277683,0.011808365314786119,True,S1,True,,,,
40983,0.021289519242199836,0.018281136093567116,0.03043008728898339,0.012148951195416277,S1_TFM_temperature_0.9,0.03918513995277683,0.011808365314786119,0.03918513995277683,0.011808365314786119,True,S1,True,,,,
42178,0.06639347907684541,-0.023194692748380007,0.05479613270265541,0.07799082545103542,S1_TFM_temperature_0.9,0.03918513995277683,0.011808365314786119,0.03918513995277683,0.011808365314786119,True,S1,True,,,,
46911,0.08462171285542752,0.01456768057092929,0.09190555314089216,0.07733787256996287,S1_TFM_temperature_0.9,0.03918513995277683,0.011808365314786119,0.03918513995277683,0.011808365314786119,True,S1,True,,,,
46915,0.08466976844641722,0.07848703054459771,0.12391328371871607,0.04542625317411835,S1_TFM_temperature_0.9,0.03918513995277683,0.011808365314786119,0.03918513995277683,0.011808365314786119,True,S1,True,,,,
46921,0.023268085442358435,0.006302136801433791,0.026419153843075333,0.020117017041641542,S1_TFM_temperature_0.9,0.03918513995277683,0.011808365314786119,0.03918513995277683,0.011808365314786119,True,S1,True,,,,
46927,0.04234426549555887,0.01941616457611025,0.052052347783614,0.03263618320750375,S1_TFM_temperature_0.9,0.03918513995277683,0.011808365314786119,0.03918513995277683,0.011808365314786119,True,S1,True,,,,
46952,0.0077541040511174076,0.0010115923837858047,0.00825990024301031,0.007248307859224506,S1_TFM_temperature_0.9,0.03918513995277683,0.011808365314786119,0.03918513995277683,0.011808365314786119,True,S1,True,,,,
44,0.00019767980536522633,-0.007632925517222266,-0.0036187829532459068,0.00401414256397636,S2_isotonic_instead_of_Platt,0.0101429521713329,0.0026863972690627214,,,,S2,,0.011784537738094715,True,,
1067,-0.00020302587152150374,-0.012841844615843432,-0.006623948179443219,0.0062178964364002125,S2_isotonic_instead_of_Platt,0.0101429521713329,0.0026863972690627214,,,,S2,,0.011784537738094715,True,,
1489,0.003156413321433549,-0.007181396691257913,-0.00043428502419540763,0.006747111667062506,S2_isotonic_instead_of_Platt,0.0101429521713329,0.0026863972690627214,,,,S2,,0.011784537738094715,True,,
40983,0.0066786450746666205,0.013637259358803822,0.013497274754068532,-0.00013998460473529147,S2_isotonic_instead_of_Platt,0.0101429521713329,0.0026863972690627214,,,,S2,,0.011784537738094715,True,,
42178,0.015012402500112697,0.0010622779179418843,0.01554354145908364,0.014481263541141756,S2_isotonic_instead_of_Platt,0.0101429521713329,0.0026863972690627214,,,,S2,,0.011784537738094715,True,,
46911,0.015921627572670374,0.00786835497436841,0.01985580505985458,0.01198745008548617,S2_isotonic_instead_of_Platt,0.0101429521713329,0.0026863972690627214,,,,S2,,0.011784537738094715,True,,
46915,0.04415514082409011,0.03737934696866323,0.06284481430842172,0.025465467339758494,S2_isotonic_instead_of_Platt,0.0101429521713329,0.0026863972690627214,,,,S2,,0.011784537738094715,True,,
46921,0.024068864819640823,0.04461081121537353,0.046374270427327585,0.0017634592119540563,S2_isotonic_instead_of_Platt,0.0101429521713329,0.0026863972690627214,,,,S2,,0.011784537738094715,True,,
46927,-0.007443158093657425,-0.028545616769125932,-0.021715966478220394,0.006829650290905538,S2_isotonic_instead_of_Platt,0.0101429521713329,0.0026863972690627214,,,,S2,,0.011784537738094715,True,,
46952,-0.00011506823947149472,-0.02149229415107412,-0.010861215315008554,0.010631078836065566,S2_isotonic_instead_of_Platt,0.0101429521713329,0.0026863972690627214,,,,S2,,0.011784537738094715,True,,
44,0.0011110683777504104,-0.001355606963255854,0.0004332648961224834,0.0017888718593783374,S3_exclude_minority_lt_400,0.048867268158215155,0.013717725958055338,0.03918513995277683,,True,S3,,,,6.0,"[44, 1489, 42178, 46911, 46915, 46927]"
1489,0.014063314697291489,-0.005614220231669359,0.01125620458145681,0.01687042481312617,S3_exclude_minority_lt_400,0.048867268158215155,0.013717725958055338,0.03918513995277683,,True,S3,,,,6.0,"[44, 1489, 42178, 46911, 46915, 46927]"
42178,0.06639347907684541,-0.023194692748380007,0.05479613270265541,0.07799082545103542,S3_exclude_minority_lt_400,0.048867268158215155,0.013717725958055338,0.03918513995277683,,True,S3,,,,6.0,"[44, 1489, 42178, 46911, 46915, 46927]"
46911,0.08462171285542752,0.01456768057092929,0.09190555314089216,0.07733787256996287,S3_exclude_minority_lt_400,0.048867268158215155,0.013717725958055338,0.03918513995277683,,True,S3,,,,6.0,"[44, 1489, 42178, 46911, 46915, 46927]"
46915,0.08466976844641722,0.07848703054459771,0.12391328371871607,0.04542625317411835,S3_exclude_minority_lt_400,0.048867268158215155,0.013717725958055338,0.03918513995277683,,True,S3,,,,6.0,"[44, 1489, 42178, 46911, 46915, 46927]"
46927,0.04234426549555887,0.01941616457611025,0.052052347783614,0.03263618320750375,S3_exclude_minority_lt_400,0.048867268158215155,0.013717725958055338,0.03918513995277683,,True,S3,,,,6.0,"[44, 1489, 42178, 46911, 46915, 46927]"
