resolved_openml_id,dataset_name,source_pools,objective_eligible,suspected_issue,evidence,proposed_decision,semantic_decision,semantic_decision_reason,review_status,final_decision
3,kr-vs-kp,openml_cc18,False,,,,,,,EXCLUDE
6,letter,openml_cc18,False,,,,,,,EXCLUDE
11,balance-scale,openml_cc18,False,,,,,,,EXCLUDE
12,mfeat-factors,openml_cc18,False,,,,,,,EXCLUDE
14,mfeat-fourier,openml_cc18,False,,,,,,,EXCLUDE
15,breast-w,openml_cc18,False,,,,,,,EXCLUDE
16,mfeat-karhunen,openml_cc18,False,,,,,,,EXCLUDE
18,mfeat-morphological,openml_cc18,False,,,,,,,EXCLUDE
22,mfeat-zernike,openml_cc18,False,,,,,,,EXCLUDE
23,cmc,openml_cc18,False,,,,,,,EXCLUDE
28,optdigits,openml_cc18,False,,,,,,,EXCLUDE
29,credit-approval,openml_cc18,False,,,,,,,EXCLUDE
30,page-blocks,climb,False,,,,,,,EXCLUDE
31,credit-g,openml_cc18,False,,,,,,,EXCLUDE
32,pendigits,openml_cc18,False,,,,,,,EXCLUDE
37,diabetes,openml_cc18,True,,,,KEEP,openml_cc18_curated_benchmark_no_semantic_keyword_hits,PROPOSED_KEEP_METADATA_CLEAR,EXCLUDE
38,sick,openml_cc18,False,,,,,,,EXCLUDE
43,haberman,climb,False,,,,,,,EXCLUDE
44,spambase,openml_cc18,True,,,,KEEP,openml_cc18_curated_benchmark_no_semantic_keyword_hits,PROPOSED_KEEP_METADATA_CLEAR,KEEP
46,splice,openml_cc18,False,,,,,,,EXCLUDE
50,tic-tac-toe,openml_cc18,False,,,,,,,EXCLUDE
54,vehicle,openml_cc18,False,,,,,,,EXCLUDE
151,electricity,openml_cc18,False,,,,,,,EXCLUDE
182,satimage,openml_cc18,False,,,,,,,EXCLUDE
188,eucalyptus,openml_cc18,False,,,,,,,EXCLUDE
300,isolet,openml_cc18,False,,,,,,,EXCLUDE
307,vowel,openml_cc18,False,,,,,,,EXCLUDE
310,mammography,climb,False,,,,,,,EXCLUDE
458,analcatdata_authorship,openml_cc18,False,,,,,,,EXCLUDE
469,analcatdata_dmft,openml_cc18,False,,,,,,,EXCLUDE
554,mnist_784,openml_cc18,False,,,,,,,EXCLUDE
733,machine_cpu,climb,False,,,,,,,EXCLUDE
735,cpu_small,climb,False,,,,,,,EXCLUDE
796,cpu,climb,False,,,,,,,EXCLUDE
821,house_16H,climb,False,,,,,,,EXCLUDE
833,bank32nh,climb,False,,,,,,,EXCLUDE
843,house_8L,climb,False,,,,,,,EXCLUDE
846,elevators,climb,False,,,,,,,EXCLUDE
949,arsenic-female-bladder,climb,False,,,,,,,EXCLUDE
971,mfeat-fourier,climb,False,,,,,,,EXCLUDE
976,JapaneseVowels,climb,False,,,,,,,EXCLUDE
977,letter,climb,False,,,,,,,EXCLUDE
980,optdigits,climb,False,,,,,,,EXCLUDE
994,vehicle,climb,False,,,,,,,EXCLUDE
995,mfeat-zernike,climb,False,,,,,,,EXCLUDE
1016,vowel,climb,False,,,,,,,EXCLUDE
1019,pendigits,climb,False,,,,,,,EXCLUDE
1020,mfeat-karhunen,climb,False,,,,,,,EXCLUDE
1021,page-blocks,climb,False,,,,,,,EXCLUDE
1046,mozilla4,climb,False,,,,,,,EXCLUDE
1049,pc4,climb;openml_cc18,False,,,,,,,EXCLUDE
1050,pc3,climb;openml_cc18,False,,,,,,,EXCLUDE
1053,jm1,openml_cc18,False,,,,,,,EXCLUDE
1054,mc2,climb,False,,,,,,,EXCLUDE
1063,kc2,openml_cc18,False,,,,,,,EXCLUDE
1067,kc1,climb;openml_cc18,True,,,,KEEP,openml_cc18_curated_benchmark_no_semantic_keyword_hits,PROPOSED_KEEP_METADATA_CLEAR,KEEP
1068,pc1,climb;openml_cc18,False,,,,,,,EXCLUDE
1217,Click_prediction_small,climb,False,,,,,,,EXCLUDE
1461,bank-marketing,openml_cc18,False,,,,,,,EXCLUDE
1462,banknote-authentication,openml_cc18,False,,,,,,,EXCLUDE
1464,blood-transfusion-service-center,climb;openml_cc18,False,,,,,,,EXCLUDE
1468,cnae-9,openml_cc18,False,,,,,,,EXCLUDE
1475,first-order-theorem-proving,climb;openml_cc18,False,,,,,,,EXCLUDE
1478,har,openml_cc18,False,,,,,,,EXCLUDE
1480,ilpd,openml_cc18,False,,,,,,,EXCLUDE
1485,madelon,openml_cc18,False,,,,,,,EXCLUDE
1486,nomao,openml_cc18,False,,,,,,,EXCLUDE
1487,ozone-level-8hr,climb;openml_cc18,False,,,,,,,EXCLUDE
1489,phoneme,climb;openml_cc18,True,,,,KEEP,ELENA phoneme representation contains no usable speaker/group identifier; conventionally evaluated as IID in tabular benchmarking.,METHODOLOGICAL_KEEP_RECORDED,KEEP
1490,planning-relax,climb,False,,,,,,,EXCLUDE
1494,qsar-biodeg,openml_cc18,True,,,,KEEP,openml_cc18_curated_benchmark_no_semantic_keyword_hits,PROPOSED_KEEP_METADATA_CLEAR,KEEP
1497,wall-robot-navigation,openml_cc18,False,,,,,,,EXCLUDE
1501,semeion,openml_cc18,False,,,,,,,EXCLUDE
1506,thoracic-surgery,climb,False,,,,,,,EXCLUDE
1508,user-knowledge,climb,False,,,,,,,EXCLUDE
1509,walking-activity,climb,False,,,,,,,EXCLUDE
1510,wdbc,openml_cc18,False,,,,,,,EXCLUDE
1511,wholesale-customers,climb,False,,,,,,,EXCLUDE
1524,vertebra-column,climb,False,,,,,,,EXCLUDE
1558,bank-marketing,climb,False,,,,,,,EXCLUDE
1565,heart-h,climb,False,,,,,,,EXCLUDE
1590,adult,openml_cc18,False,,,,,,,EXCLUDE
1600,SPECTF,climb,False,,,,,,,EXCLUDE
4134,Bioresponse,openml_cc18,False,,,,,,,EXCLUDE
4534,PhishingWebsites,openml_cc18,False,,,,,,,EXCLUDE
4538,GesturePhaseSegmentationProcessed,openml_cc18,False,,,,,,,EXCLUDE
6332,cylinder-bands,openml_cc18,False,,,,,,,EXCLUDE
23381,dresses-sales,openml_cc18,False,,,,,,,EXCLUDE
23517,numerai28.6,openml_cc18,False,,,,,,,EXCLUDE
40499,texture,openml_cc18,False,,,,,,,EXCLUDE
40668,connect-4,openml_cc18,False,,,,,,,EXCLUDE
40670,dna,openml_cc18,False,,,,,,,EXCLUDE
40671,ecoli,climb,False,,,,,,,EXCLUDE
40701,churn,openml_cc18,True,,,,KEEP,openml_cc18_curated_benchmark_no_semantic_keyword_hits,PROPOSED_KEEP_METADATA_CLEAR,KEEP
40707,allbp,climb,False,,,,,,,EXCLUDE
40713,dis,climb,False,,,,,,,EXCLUDE
40900,Satellite,climb,False,,,,,,,EXCLUDE
40923,Devnagari-Script,openml_cc18,False,,,,,,,EXCLUDE
40927,CIFAR_10,openml_cc18,False,,,,,,,EXCLUDE
40966,MiceProtein,openml_cc18,False,,,,,,,EXCLUDE
40975,car,openml_cc18,False,,,,,,,EXCLUDE
40978,Internet-Advertisements,openml_cc18,False,,,,,,,EXCLUDE
40979,mfeat-pixel,openml_cc18,False,,,,,,,EXCLUDE
40982,steel-plates-fault,openml_cc18,False,,,,,,,EXCLUDE
40983,wilt,climb;openml_cc18,True,,,,KEEP,openml_cc18_curated_benchmark_no_semantic_keyword_hits,PROPOSED_KEEP_METADATA_CLEAR,KEEP
40984,segment,openml_cc18,False,,,,,,,EXCLUDE
40994,climate-model-simulation-crashes,openml_cc18,False,,,,,,,EXCLUDE
40996,Fashion-MNIST,openml_cc18,False,,,,,,,EXCLUDE
41027,jungle_chess_2pcs_raw_endgame_complete,openml_cc18,False,,,,,,,EXCLUDE
41150,MiniBooNE,climb,False,,,,,,,EXCLUDE
41156,ada,climb,False,,,,,,,EXCLUDE
41168,jannis,climb,False,,,,,,,EXCLUDE
41169,helena,climb,False,,,,,,,EXCLUDE
41671,microaggregation2,climb,False,,,,,,,EXCLUDE
41945,ilpd-numeric,climb,False,,,,,,,EXCLUDE
41946,Sick_numeric,climb,False,,,,,,,EXCLUDE
42178,telco-customer-churn,climb,True,,,,KEEP,climb_official_list_no_semantic_keyword_hits,PROPOSED_KEEP_METADATA_CLEAR,KEEP
42397,CreditCardFraudDetection,climb,False,,,,,,,EXCLUDE
42477,default-of-credit-card-clients,climb,False,,,,,,,EXCLUDE
43439,Medical-Appointment-No-Shows,climb,False,,,,,,,EXCLUDE
43551,Employee-Turnover-at-TECHCO,climb,False,,,,,,,EXCLUDE
43893,ibm-employee-attrition,climb,False,,,,,,,EXCLUDE
43903,Diabetes-130-Hospitals_(Fairlearn),climb,False,,,,,,,EXCLUDE
43904,law-school-admission-bianry,climb,False,,,,,,,EXCLUDE
43925,eucalyptus,climb,False,,,,,,,EXCLUDE
44232,UCI_churn,climb,False,A_duplicate_derivative,,,EXCLUDE,"Probable subset/variant of the 5,000-row classic telecom churn dataset; excluded conservatively to preserve dataset-level independence.",HUMAN_RESOLVED_V1_1,EXCLUDE
45067,okcupid_stem,climb,False,,,,,,,EXCLUDE
45068,adult,climb,False,,,,,,,EXCLUDE
45548,Otto-Group-Product-Classification-Challenge,climb,False,,,,,,,EXCLUDE
45558,Pulsar-Dataset-HTRU2,climb,False,,,,,,,EXCLUDE
45560,online-shoppers-intention,climb,False,,,,,,,EXCLUDE
45562,seismic-bumps,climb,False,,,,,,,EXCLUDE
45717,bwin_amlb,climb,False,,,,,,,EXCLUDE
46281,insurance_company,climb,False,,,,,,,EXCLUDE
46362,Customer_Churn_Classification,climb,False,,,,,,,EXCLUDE
46503,Credit_Approval_Classification,climb,False,,,,,,,EXCLUDE
46904,airfoil_self_noise,tabarena_v0.1,False,,,,,,,EXCLUDE
46905,Amazon_employee_access,tabarena_v0.1,False,,,,,,,EXCLUDE
46906,anneal,tabarena_v0.1,False,,,,,,,EXCLUDE
46907,Another-Dataset-on-used-Fiat-500,tabarena_v0.1,False,,,,,,,EXCLUDE
46908,APSFailure,tabarena_v0.1,False,,,,,,,EXCLUDE
46910,bank-marketing,tabarena_v0.1,False,,,,,,,EXCLUDE
46911,Bank_Customer_Churn,tabarena_v0.1,True,,,,KEEP,tabarena_v0.1_curated_iid_no_semantic_keyword_hits,PROPOSED_KEEP_METADATA_CLEAR,KEEP
46912,Bioresponse,tabarena_v0.1,False,,,,,,,EXCLUDE
46913,blood-transfusion-service-center,tabarena_v0.1,False,,,,,,,EXCLUDE
46915,churn,tabarena_v0.1,True,,,,KEEP,tabarena_v0.1_curated_iid_no_semantic_keyword_hits,PROPOSED_KEEP_METADATA_CLEAR,KEEP
46916,coil2000_insurance_policies,tabarena_v0.1,False,,,,,,,EXCLUDE
46917,concrete_compressive_strength,tabarena_v0.1,False,,,,,,,EXCLUDE
46918,credit-g,tabarena_v0.1,False,,,,,,,EXCLUDE
46919,credit_card_clients_default,tabarena_v0.1,False,,,,,,,EXCLUDE
46920,customer_satisfaction_in_airline,tabarena_v0.1,False,,,,,,,EXCLUDE
46921,diabetes,tabarena_v0.1,True,,,,KEEP,tabarena_v0.1_curated_iid_no_semantic_keyword_hits,PROPOSED_KEEP_METADATA_CLEAR,KEEP
46922,Diabetes130US,tabarena_v0.1,False,,,,,,,EXCLUDE
46923,diamonds,tabarena_v0.1,False,,,,,,,EXCLUDE
46924,E-CommereShippingData,tabarena_v0.1,False,,,,,,,EXCLUDE
46927,Fitness_Club,tabarena_v0.1,True,,,,KEEP,tabarena_v0.1_curated_iid_no_semantic_keyword_hits,PROPOSED_KEEP_METADATA_CLEAR,KEEP
46928,Food_Delivery_Time,tabarena_v0.1,False,,,,,,,EXCLUDE
46929,GiveMeSomeCredit,tabarena_v0.1,False,,,,,,,EXCLUDE
46930,hazelnut-spread-contaminant-detection,tabarena_v0.1,False,,,,,,,EXCLUDE
46931,healthcare_insurance_expenses,tabarena_v0.1,False,,,,,,,EXCLUDE
46932,heloc,tabarena_v0.1,False,,,,,,,EXCLUDE
46933,hiva_agnostic,tabarena_v0.1,False,,,,,,,EXCLUDE
46934,houses,tabarena_v0.1,False,,,,,,,EXCLUDE
46935,HR_Analytics_Job_Change_of_Data_Scientists,tabarena_v0.1,False,,,,,,,EXCLUDE
46937,in_vehicle_coupon_recommendation,tabarena_v0.1,False,,,,,,,EXCLUDE
46938,Is-this-a-good-customer,tabarena_v0.1,False,,,,,,,EXCLUDE
46939,kddcup09_appetency,tabarena_v0.1,False,,,,,,,EXCLUDE
46940,Marketing_Campaign,tabarena_v0.1,False,,,,,,,EXCLUDE
46941,maternal_health_risk,tabarena_v0.1,False,,,,,,,EXCLUDE
46942,miami_housing,tabarena_v0.1,False,,,,,,,EXCLUDE
46947,online_shoppers_intention,tabarena_v0.1,False,,,,,,,EXCLUDE
46949,physiochemical_protein,tabarena_v0.1,False,,,,,,,EXCLUDE
46950,polish_companies_bankruptcy,tabarena_v0.1,False,,,,,,,EXCLUDE
46952,qsar-biodeg,tabarena_v0.1,True,,,,KEEP,tabarena_v0.1_curated_iid_no_semantic_keyword_hits,PROPOSED_KEEP_METADATA_CLEAR,KEEP
46953,QSAR-TID-11,tabarena_v0.1,False,,,,,,,EXCLUDE
46954,QSAR_fish_toxicity,tabarena_v0.1,False,,,,,,,EXCLUDE
46955,SDSS17,tabarena_v0.1,False,,,,,,,EXCLUDE
46956,seismic-bumps,tabarena_v0.1,False,,,,,,,EXCLUDE
46958,splice,tabarena_v0.1,False,,,,,,,EXCLUDE
46960,students_dropout_and_academic_success,tabarena_v0.1,False,,,,,,,EXCLUDE
46961,superconductivity,tabarena_v0.1,False,,,,,,,EXCLUDE
46962,taiwanese_bankruptcy_prediction,tabarena_v0.1,False,,,,,,,EXCLUDE
46963,website_phishing,tabarena_v0.1,False,,,,,,,EXCLUDE
46964,wine_quality,tabarena_v0.1,False,,,,,,,EXCLUDE
46969,NATICUSdroid,tabarena_v0.1,False,,,,,,,EXCLUDE
46979,jm1,tabarena_v0.1,False,,,,,,,EXCLUDE
46980,MIC,tabarena_v0.1,False,,,,,,,EXCLUDE
